Facility,day1,count
BANC Library,2017-07-03T00:00:00Z,525
BANC Library,2017-07-05T00:00:00Z,508
BANC Library,2017-07-06T00:00:00Z,551
BANC Library,2017-07-07T00:00:00Z,500
BANC Library,2017-07-08T00:00:00Z,1
BANC Library,2017-07-09T00:00:00Z,2
BANC Library,2017-07-10T00:00:00Z,486
BANC Library,2017-07-11T00:00:00Z,457
BANC Library,2017-07-12T00:00:00Z,537
BANC Library,2017-07-13T00:00:00Z,420
BANC Library,2017-07-14T00:00:00Z,533
BANC Library,2017-07-15T00:00:00Z,2
BANC Library,2017-07-16T00:00:00Z,2
BANC Library,2017-07-17T00:00:00Z,537
BANC Library,2017-07-18T00:00:00Z,549
BANC Library,2017-07-19T00:00:00Z,468
BANC Library,2017-07-20T00:00:00Z,532
BANC Library,2017-07-21T00:00:00Z,561
BANC Library,2017-07-22T00:00:00Z,11
BANC Library,2017-07-24T00:00:00Z,530
BANC Library,2017-07-25T00:00:00Z,603
BANC Library,2017-07-26T00:00:00Z,524
BANC Library,2017-07-27T00:00:00Z,523
BANC Library,2017-07-28T00:00:00Z,490
BANC Library,2017-07-29T00:00:00Z,8
BANC Library,2017-07-30T00:00:00Z,10
BANC Library,2017-07-31T00:00:00Z,602
BANC Library,2017-08-01T00:00:00Z,478
BANC Library,2017-08-02T00:00:00Z,443
BANC Library,2017-08-03T00:00:00Z,636
BANC Library,2017-08-04T00:00:00Z,467
BANC Library,2017-08-05T00:00:00Z,10
BANC Library,2017-08-06T00:00:00Z,4
BANC Library,2017-08-07T00:00:00Z,528
BANC Library,2017-08-08T00:00:00Z,529
BANC Library,2017-08-09T00:00:00Z,500
BANC Library,2017-08-10T00:00:00Z,530
BANC Library,2017-08-11T00:00:00Z,439
BANC Library,2017-08-14T00:00:00Z,563
BANC Library,2017-08-15T00:00:00Z,713
BANC Library,2017-08-16T00:00:00Z,741
BANC Library,2017-08-17T00:00:00Z,785
BANC Library,2017-08-18T00:00:00Z,600
BANC Library,2017-08-21T00:00:00Z,614
BANC Library,2017-08-22T00:00:00Z,534
BANC Library,2017-08-23T00:00:00Z,965
BANC Library,2017-08-24T00:00:00Z,871
BANC Library,2017-08-25T00:00:00Z,800
BANC Library,2017-08-26T00:00:00Z,4
BANC Library,2017-08-27T00:00:00Z,1
BANC Library,2017-08-28T00:00:00Z,970
BANC Library,2017-08-29T00:00:00Z,849
BANC Library,2017-08-30T00:00:00Z,886
BANC Library,2017-08-31T00:00:00Z,769
BANC Library,2017-09-01T00:00:00Z,754
BANC Library,2017-09-02T00:00:00Z,7
BANC Library,2017-09-03T00:00:00Z,5
BANC Library,2017-09-05T00:00:00Z,829
BANC Library,2017-09-06T00:00:00Z,852
BANC Library,2017-09-07T00:00:00Z,752
BANC Library,2017-09-08T00:00:00Z,700
BANC Library,2017-09-09T00:00:00Z,4
BANC Library,2017-09-10T00:00:00Z,6
BANC Library,2017-09-11T00:00:00Z,948
BANC Library,2017-09-12T00:00:00Z,765
BANC Library,2017-09-13T00:00:00Z,803
BANC Library,2017-09-14T00:00:00Z,747
BANC Library,2017-09-15T00:00:00Z,612
BANC Library,2017-09-16T00:00:00Z,4
BANC Library,2017-09-17T00:00:00Z,5
BANC Library,2017-09-18T00:00:00Z,832
BANC Library,2017-09-19T00:00:00Z,819
BANC Library,2017-09-20T00:00:00Z,848
BANC Library,2017-09-21T00:00:00Z,717
BANC Library,2017-09-22T00:00:00Z,643
BANC Library,2017-09-23T00:00:00Z,4
BANC Library,2017-09-24T00:00:00Z,4
BANC Library,2017-09-25T00:00:00Z,889
BANC Library,2017-09-26T00:00:00Z,750
BANC Library,2017-09-27T00:00:00Z,748
BANC Library,2017-09-28T00:00:00Z,627
BANC Library,2017-09-29T00:00:00Z,595
BANC Library,2017-09-30T00:00:00Z,3
BANC Library,2017-10-01T00:00:00Z,3
BANC Library,2017-10-02T00:00:00Z,813
BANC Library,2017-10-03T00:00:00Z,755
BANC Library,2017-10-04T00:00:00Z,715
BANC Library,2017-10-05T00:00:00Z,748
BANC Library,2017-10-06T00:00:00Z,602
BANC Library,2017-10-07T00:00:00Z,4
BANC Library,2017-10-08T00:00:00Z,1
BANC Library,2017-10-09T00:00:00Z,855
BANC Library,2017-10-10T00:00:00Z,743
BANC Library,2017-10-11T00:00:00Z,747
BANC Library,2017-10-12T00:00:00Z,837
BANC Library,2017-10-13T00:00:00Z,762
BANC Library,2017-10-14T00:00:00Z,1
BANC Library,2017-10-15T00:00:00Z,1
BANC Library,2017-10-16T00:00:00Z,814
BANC Library,2017-10-17T00:00:00Z,725
BANC Library,2017-10-18T00:00:00Z,716
BANC Library,2017-10-19T00:00:00Z,596
BANC Library,2017-10-20T00:00:00Z,887
BANC Library,2017-10-21T00:00:00Z,1048
BANC Library,2017-10-22T00:00:00Z,4
BANC Library,2017-10-23T00:00:00Z,693
BANC Library,2017-10-24T00:00:00Z,700
BANC Library,2017-10-25T00:00:00Z,697
BANC Library,2017-10-26T00:00:00Z,641
BANC Library,2017-10-27T00:00:00Z,536
BANC Library,2017-10-28T00:00:00Z,3
BANC Library,2017-10-29T00:00:00Z,3
BANC Library,2017-10-30T00:00:00Z,713
BANC Library,2017-10-31T00:00:00Z,670
BANC Library,2017-11-01T00:00:00Z,680
BANC Library,2017-11-02T00:00:00Z,664
BANC Library,2017-11-03T00:00:00Z,578
BANC Library,2017-11-05T00:00:00Z,1
BANC Library,2017-11-06T00:00:00Z,748
BANC Library,2017-11-07T00:00:00Z,658
BANC Library,2017-11-08T00:00:00Z,658
BANC Library,2017-11-09T00:00:00Z,600
BANC Library,2017-11-10T00:00:00Z,1
BANC Library,2017-11-11T00:00:00Z,1
BANC Library,2017-11-12T00:00:00Z,3
BANC Library,2017-11-13T00:00:00Z,704
BANC Library,2017-11-14T00:00:00Z,730
BANC Library,2017-11-15T00:00:00Z,634
BANC Library,2017-11-16T00:00:00Z,588
BANC Library,2017-11-17T00:00:00Z,543
BANC Library,2017-11-18T00:00:00Z,6
BANC Library,2017-11-19T00:00:00Z,3
BANC Library,2017-11-20T00:00:00Z,643
BANC Library,2017-11-21T00:00:00Z,524
BANC Library,2017-11-22T00:00:00Z,250
BANC Library,2017-11-27T00:00:00Z,669
BANC Library,2017-11-28T00:00:00Z,689
BANC Library,2017-11-29T00:00:00Z,705
BANC Library,2017-11-30T00:00:00Z,682
BANC Library,2017-12-01T00:00:00Z,588
BANC Library,2017-12-02T00:00:00Z,2
BANC Library,2017-12-03T00:00:00Z,1
BANC Library,2017-12-04T00:00:00Z,519
BANC Library,2017-12-05T00:00:00Z,520
BANC Library,2017-12-06T00:00:00Z,526
BANC Library,2017-12-07T00:00:00Z,462
BANC Library,2017-12-08T00:00:00Z,530
BANC Library,2017-12-09T00:00:00Z,2
BANC Library,2017-12-10T00:00:00Z,1
BANC Library,2017-12-11T00:00:00Z,555
BANC Library,2017-12-12T00:00:00Z,486
BANC Library,2017-12-13T00:00:00Z,393
BANC Library,2017-12-14T00:00:00Z,327
BANC Library,2017-12-15T00:00:00Z,308
BANC Library,2017-12-18T00:00:00Z,255
BANC Library,2017-12-19T00:00:00Z,253
BANC Library,2017-12-20T00:00:00Z,237
BANC Library,2017-12-21T00:00:00Z,252
BANC Library,2017-12-22T00:00:00Z,93
BANC Library,2017-12-26T00:00:00Z,1
BANC Library,2017-12-28T00:00:00Z,1
BANC Library,2017-12-30T00:00:00Z,1
BANC Library,2018-01-02T00:00:00Z,187
BANC Library,2018-01-03T00:00:00Z,210
BANC Library,2018-01-04T00:00:00Z,242
BANC Library,2018-01-05T00:00:00Z,231
BANC Library,2018-01-06T00:00:00Z,1
BANC Library,2018-01-08T00:00:00Z,198
BANC Library,2018-01-09T00:00:00Z,241
BANC Library,2018-01-10T00:00:00Z,256
BANC Library,2018-01-11T00:00:00Z,245
BANC Library,2018-01-12T00:00:00Z,243
BANC Library,2018-01-13T00:00:00Z,129
BANC Library,2018-01-16T00:00:00Z,666
BANC Library,2018-01-17T00:00:00Z,690
BANC Library,2018-01-18T00:00:00Z,699
BANC Library,2018-01-19T00:00:00Z,565
BANC Library,2018-01-20T00:00:00Z,4
BANC Library,2018-01-22T00:00:00Z,769
BANC Library,2018-01-23T00:00:00Z,709
BANC Library,2018-01-24T00:00:00Z,695
BANC Library,2018-01-25T00:00:00Z,671
BANC Library,2018-01-26T00:00:00Z,595
BANC Library,2018-01-29T00:00:00Z,775
BANC Library,2018-01-30T00:00:00Z,688
BANC Library,2018-01-31T00:00:00Z,667
BANC Library,2018-02-01T00:00:00Z,657
BANC Library,2018-02-02T00:00:00Z,588
BANC Library,2018-02-03T00:00:00Z,2
BANC Library,2018-02-05T00:00:00Z,711
BANC Library,2018-02-06T00:00:00Z,755
BANC Library,2018-02-07T00:00:00Z,797
BANC Library,2018-02-08T00:00:00Z,650
BANC Library,2018-02-09T00:00:00Z,592
BANC Library,2018-02-10T00:00:00Z,2
BANC Library,2018-02-12T00:00:00Z,793
BANC Library,2018-02-13T00:00:00Z,777
BANC Library,2018-02-14T00:00:00Z,626
BANC Library,2018-02-15T00:00:00Z,666
BANC Library,2018-02-16T00:00:00Z,638
BANC Library,2018-02-17T00:00:00Z,3
BANC Library,2018-02-18T00:00:00Z,4
BANC Library,2018-02-20T00:00:00Z,781
BANC Library,2018-02-21T00:00:00Z,714
BANC Library,2018-02-22T00:00:00Z,690
BANC Library,2018-02-23T00:00:00Z,602
BANC Library,2018-02-24T00:00:00Z,1
BANC Library,2018-02-25T00:00:00Z,2
BANC Library,2018-02-26T00:00:00Z,700
BANC Library,2018-02-27T00:00:00Z,616
BANC Library,2018-02-28T00:00:00Z,764
BANC Library,2018-03-01T00:00:00Z,564
BANC Library,2018-03-02T00:00:00Z,541
BANC Library,2018-03-03T00:00:00Z,5
BANC Library,2018-03-04T00:00:00Z,4
BANC Library,2018-03-05T00:00:00Z,657
BANC Library,2018-03-06T00:00:00Z,676
BANC Library,2018-03-07T00:00:00Z,649
BANC Library,2018-03-08T00:00:00Z,683
BANC Library,2018-03-09T00:00:00Z,595
BANC Library,2018-03-10T00:00:00Z,1
BANC Library,2018-03-11T00:00:00Z,9
BANC Library,2018-03-12T00:00:00Z,642
BANC Library,2018-03-13T00:00:00Z,619
BANC Library,2018-03-14T00:00:00Z,580
BANC Library,2018-03-15T00:00:00Z,666
BANC Library,2018-03-16T00:00:00Z,601
BANC Library,2018-03-18T00:00:00Z,4
BANC Library,2018-03-19T00:00:00Z,747
BANC Library,2018-03-20T00:00:00Z,673
BANC Library,2018-03-21T00:00:00Z,670
BANC Library,2018-03-22T00:00:00Z,576
BANC Library,2018-03-23T00:00:00Z,542
BANC Library,2018-03-26T00:00:00Z,337
BANC Library,2018-03-27T00:00:00Z,390
BANC Library,2018-03-28T00:00:00Z,367
BANC Library,2018-03-29T00:00:00Z,325
BANC Library,2018-03-31T00:00:00Z,3
BANC Library,2018-04-02T00:00:00Z,731
BANC Library,2018-04-03T00:00:00Z,728
BANC Library,2018-04-04T00:00:00Z,703
BANC Library,2018-04-05T00:00:00Z,702
BANC Library,2018-04-06T00:00:00Z,528
BANC Library,2018-04-07T00:00:00Z,4
BANC Library,2018-04-08T00:00:00Z,4
BANC Library,2018-04-09T00:00:00Z,662
BANC Library,2018-04-10T00:00:00Z,591
BANC Library,2018-04-11T00:00:00Z,673
BANC Library,2018-04-12T00:00:00Z,631
BANC Library,2018-04-13T00:00:00Z,494
BANC Library,2018-04-14T00:00:00Z,2
BANC Library,2018-04-15T00:00:00Z,1
BANC Library,2018-04-16T00:00:00Z,596
BANC Library,2018-04-17T00:00:00Z,676
BANC Library,2018-04-18T00:00:00Z,625
BANC Library,2018-04-19T00:00:00Z,745
BANC Library,2018-04-20T00:00:00Z,705
BANC Library,2018-04-21T00:00:00Z,959
BANC Library,2018-04-22T00:00:00Z,2
BANC Library,2018-04-23T00:00:00Z,655
BANC Library,2018-04-24T00:00:00Z,619
BANC Library,2018-04-25T00:00:00Z,664
BANC Library,2018-04-26T00:00:00Z,670
BANC Library,2018-04-27T00:00:00Z,582
BANC Library,2018-04-28T00:00:00Z,2
BANC Library,2018-04-29T00:00:00Z,9
BANC Library,2018-04-30T00:00:00Z,474
BANC Library,2018-05-01T00:00:00Z,527
BANC Library,2018-05-02T00:00:00Z,575
BANC Library,2018-05-03T00:00:00Z,601
BANC Library,2018-05-04T00:00:00Z,548
BANC Library,2018-05-05T00:00:00Z,103
BANC Library,2018-05-06T00:00:00Z,2
BANC Library,2018-05-07T00:00:00Z,528
BANC Library,2018-05-08T00:00:00Z,454
BANC Library,2018-05-09T00:00:00Z,434
BANC Library,2018-05-10T00:00:00Z,433
BANC Library,2018-05-11T00:00:00Z,561
BANC Library,2018-05-12T00:00:00Z,2
BANC Library,2018-05-14T00:00:00Z,378
BANC Library,2018-05-15T00:00:00Z,404
BANC Library,2018-05-16T00:00:00Z,300
BANC Library,2018-05-17T00:00:00Z,377
BANC Library,2018-05-18T00:00:00Z,290
BANC Library,2018-05-19T00:00:00Z,1
BANC Library,2018-05-21T00:00:00Z,376
BANC Library,2018-05-22T00:00:00Z,284
BANC Library,2018-05-23T00:00:00Z,272
BANC Library,2018-05-24T00:00:00Z,279
BANC Library,2018-05-25T00:00:00Z,274
BANC Library,2018-05-29T00:00:00Z,324
BANC Library,2018-05-30T00:00:00Z,359
BANC Library,2018-05-31T00:00:00Z,259
BANC Library,2018-06-01T00:00:00Z,263
BANC Library,2018-06-02T00:00:00Z,22
BANC Library,2018-06-04T00:00:00Z,321
BANC Library,2018-06-05T00:00:00Z,398
BANC Library,2018-06-06T00:00:00Z,305
BANC Library,2018-06-07T00:00:00Z,316
BANC Library,2018-06-08T00:00:00Z,328
BANC Library,2018-06-11T00:00:00Z,312
BANC Library,2018-06-12T00:00:00Z,363
BANC Library,2018-06-13T00:00:00Z,327
BANC Library,2018-06-14T00:00:00Z,336
BANC Library,2018-06-15T00:00:00Z,256
BANC Library,2018-06-18T00:00:00Z,394
BANC Library,2018-06-19T00:00:00Z,428
BANC Library,2018-06-20T00:00:00Z,450
BANC Library,2018-06-21T00:00:00Z,450
BANC Library,2018-06-22T00:00:00Z,378
BANC Library,2018-06-25T00:00:00Z,436
BANC Library,2018-06-26T00:00:00Z,402
BANC Library,2018-06-27T00:00:00Z,400
BANC Library,2018-06-28T00:00:00Z,377
BANC Library,2018-06-29T00:00:00Z,425
DOE Library,2017-07-01T00:00:00Z,81
DOE Library,2017-07-02T00:00:00Z,44
DOE Library,2017-07-03T00:00:00Z,2854
DOE Library,2017-07-04T00:00:00Z,52
DOE Library,2017-07-05T00:00:00Z,2534
DOE Library,2017-07-06T00:00:00Z,2522
DOE Library,2017-07-07T00:00:00Z,2351
DOE Library,2017-07-08T00:00:00Z,1479
DOE Library,2017-07-09T00:00:00Z,1287
DOE Library,2017-07-10T00:00:00Z,2659
DOE Library,2017-07-11T00:00:00Z,2496
DOE Library,2017-07-12T00:00:00Z,2617
DOE Library,2017-07-13T00:00:00Z,2654
DOE Library,2017-07-14T00:00:00Z,2078
DOE Library,2017-07-15T00:00:00Z,1556
DOE Library,2017-07-16T00:00:00Z,1418
DOE Library,2017-07-17T00:00:00Z,2750
DOE Library,2017-07-18T00:00:00Z,2698
DOE Library,2017-07-19T00:00:00Z,2427
DOE Library,2017-07-20T00:00:00Z,2583
DOE Library,2017-07-21T00:00:00Z,2271
DOE Library,2017-07-22T00:00:00Z,1843
DOE Library,2017-07-23T00:00:00Z,1518
DOE Library,2017-07-24T00:00:00Z,2804
DOE Library,2017-07-25T00:00:00Z,2600
DOE Library,2017-07-26T00:00:00Z,2854
DOE Library,2017-07-27T00:00:00Z,2683
DOE Library,2017-07-28T00:00:00Z,2272
DOE Library,2017-07-29T00:00:00Z,1910
DOE Library,2017-07-30T00:00:00Z,1420
DOE Library,2017-07-31T00:00:00Z,2770
DOE Library,2017-08-01T00:00:00Z,2662
DOE Library,2017-08-02T00:00:00Z,2532
DOE Library,2017-08-03T00:00:00Z,2579
DOE Library,2017-08-04T00:00:00Z,1990
DOE Library,2017-08-05T00:00:00Z,1723
DOE Library,2017-08-06T00:00:00Z,1446
DOE Library,2017-08-07T00:00:00Z,2758
DOE Library,2017-08-08T00:00:00Z,2690
DOE Library,2017-08-09T00:00:00Z,2755
DOE Library,2017-08-10T00:00:00Z,2888
DOE Library,2017-08-11T00:00:00Z,2159
DOE Library,2017-08-12T00:00:00Z,139
DOE Library,2017-08-13T00:00:00Z,45
DOE Library,2017-08-14T00:00:00Z,2391
DOE Library,2017-08-15T00:00:00Z,2899
DOE Library,2017-08-16T00:00:00Z,2539
DOE Library,2017-08-17T00:00:00Z,2504
DOE Library,2017-08-18T00:00:00Z,2449
DOE Library,2017-08-19T00:00:00Z,36
DOE Library,2017-08-20T00:00:00Z,50
DOE Library,2017-08-21T00:00:00Z,2674
DOE Library,2017-08-22T00:00:00Z,2648
DOE Library,2017-08-23T00:00:00Z,4628
DOE Library,2017-08-24T00:00:00Z,4450
DOE Library,2017-08-25T00:00:00Z,3871
DOE Library,2017-08-26T00:00:00Z,1668
DOE Library,2017-08-27T00:00:00Z,1161
DOE Library,2017-08-28T00:00:00Z,4918
DOE Library,2017-08-29T00:00:00Z,4888
DOE Library,2017-08-30T00:00:00Z,4479
DOE Library,2017-08-31T00:00:00Z,3980
DOE Library,2017-09-01T00:00:00Z,3581
DOE Library,2017-09-02T00:00:00Z,1949
DOE Library,2017-09-03T00:00:00Z,1713
DOE Library,2017-09-04T00:00:00Z,57
DOE Library,2017-09-05T00:00:00Z,4220
DOE Library,2017-09-06T00:00:00Z,4348
DOE Library,2017-09-07T00:00:00Z,4275
DOE Library,2017-09-08T00:00:00Z,3618
DOE Library,2017-09-09T00:00:00Z,1526
DOE Library,2017-09-10T00:00:00Z,1768
DOE Library,2017-09-11T00:00:00Z,4622
DOE Library,2017-09-12T00:00:00Z,4461
DOE Library,2017-09-13T00:00:00Z,4627
DOE Library,2017-09-14T00:00:00Z,3932
DOE Library,2017-09-15T00:00:00Z,3496
DOE Library,2017-09-16T00:00:00Z,1803
DOE Library,2017-09-17T00:00:00Z,2238
DOE Library,2017-09-18T00:00:00Z,4341
DOE Library,2017-09-19T00:00:00Z,4658
DOE Library,2017-09-20T00:00:00Z,4348
DOE Library,2017-09-21T00:00:00Z,4023
DOE Library,2017-09-22T00:00:00Z,3508
DOE Library,2017-09-23T00:00:00Z,1699
DOE Library,2017-09-24T00:00:00Z,1764
DOE Library,2017-09-25T00:00:00Z,4357
DOE Library,2017-09-26T00:00:00Z,4258
DOE Library,2017-09-27T00:00:00Z,4034
DOE Library,2017-09-28T00:00:00Z,3827
DOE Library,2017-09-29T00:00:00Z,3342
DOE Library,2017-09-30T00:00:00Z,1930
DOE Library,2017-10-01T00:00:00Z,1830
DOE Library,2017-10-02T00:00:00Z,4215
DOE Library,2017-10-03T00:00:00Z,3948
DOE Library,2017-10-04T00:00:00Z,4141
DOE Library,2017-10-05T00:00:00Z,4376
DOE Library,2017-10-06T00:00:00Z,3256
DOE Library,2017-10-07T00:00:00Z,1791
DOE Library,2017-10-08T00:00:00Z,1666
DOE Library,2017-10-09T00:00:00Z,4129
DOE Library,2017-10-10T00:00:00Z,4211
DOE Library,2017-10-11T00:00:00Z,4202
DOE Library,2017-10-12T00:00:00Z,3700
DOE Library,2017-10-13T00:00:00Z,3682
DOE Library,2017-10-14T00:00:00Z,1510
DOE Library,2017-10-15T00:00:00Z,1555
DOE Library,2017-10-16T00:00:00Z,3877
DOE Library,2017-10-17T00:00:00Z,3832
DOE Library,2017-10-18T00:00:00Z,3979
DOE Library,2017-10-19T00:00:00Z,3609
DOE Library,2017-10-20T00:00:00Z,4180
DOE Library,2017-10-21T00:00:00Z,3133
DOE Library,2017-10-22T00:00:00Z,1774
DOE Library,2017-10-23T00:00:00Z,3843
DOE Library,2017-10-24T00:00:00Z,3697
DOE Library,2017-10-25T00:00:00Z,3990
DOE Library,2017-10-26T00:00:00Z,3631
DOE Library,2017-10-27T00:00:00Z,3114
DOE Library,2017-10-28T00:00:00Z,1672
DOE Library,2017-10-29T00:00:00Z,1638
DOE Library,2017-10-30T00:00:00Z,3966
DOE Library,2017-10-31T00:00:00Z,3545
DOE Library,2017-11-01T00:00:00Z,3689
DOE Library,2017-11-02T00:00:00Z,3478
DOE Library,2017-11-03T00:00:00Z,3046
DOE Library,2017-11-04T00:00:00Z,1536
DOE Library,2017-11-05T00:00:00Z,1652
DOE Library,2017-11-06T00:00:00Z,4029
DOE Library,2017-11-07T00:00:00Z,3742
DOE Library,2017-11-08T00:00:00Z,3437
DOE Library,2017-11-09T00:00:00Z,3182
DOE Library,2017-11-10T00:00:00Z,79
DOE Library,2017-11-11T00:00:00Z,64
DOE Library,2017-11-12T00:00:00Z,1567
DOE Library,2017-11-13T00:00:00Z,4179
DOE Library,2017-11-14T00:00:00Z,4141
DOE Library,2017-11-15T00:00:00Z,3772
DOE Library,2017-11-16T00:00:00Z,2953
DOE Library,2017-11-17T00:00:00Z,3044
DOE Library,2017-11-18T00:00:00Z,1423
DOE Library,2017-11-19T00:00:00Z,1465
DOE Library,2017-11-20T00:00:00Z,3489
DOE Library,2017-11-21T00:00:00Z,2592
DOE Library,2017-11-22T00:00:00Z,1370
DOE Library,2017-11-23T00:00:00Z,31
DOE Library,2017-11-24T00:00:00Z,42
DOE Library,2017-11-25T00:00:00Z,32
DOE Library,2017-11-26T00:00:00Z,798
DOE Library,2017-11-27T00:00:00Z,3625
DOE Library,2017-11-28T00:00:00Z,3778
DOE Library,2017-11-29T00:00:00Z,4e3
DOE Library,2017-11-30T00:00:00Z,3623
DOE Library,2017-12-01T00:00:00Z,3192
DOE Library,2017-12-02T00:00:00Z,1433
DOE Library,2017-12-03T00:00:00Z,1320
DOE Library,2017-12-04T00:00:00Z,3744
DOE Library,2017-12-05T00:00:00Z,3681
DOE Library,2017-12-06T00:00:00Z,3663
DOE Library,2017-12-07T00:00:00Z,4017
DOE Library,2017-12-08T00:00:00Z,3650
DOE Library,2017-12-09T00:00:00Z,2497
DOE Library,2017-12-10T00:00:00Z,1856
DOE Library,2017-12-11T00:00:00Z,3392
DOE Library,2017-12-12T00:00:00Z,3186
DOE Library,2017-12-13T00:00:00Z,2780
DOE Library,2017-12-14T00:00:00Z,2516
DOE Library,2017-12-15T00:00:00Z,2161
DOE Library,2017-12-16T00:00:00Z,50
DOE Library,2017-12-17T00:00:00Z,41
DOE Library,2017-12-18T00:00:00Z,1280
DOE Library,2017-12-19T00:00:00Z,1377
DOE Library,2017-12-20T00:00:00Z,1194
DOE Library,2017-12-21T00:00:00Z,1055
DOE Library,2017-12-22T00:00:00Z,387
DOE Library,2017-12-23T00:00:00Z,64
DOE Library,2017-12-24T00:00:00Z,23
DOE Library,2017-12-25T00:00:00Z,20
DOE Library,2017-12-26T00:00:00Z,86
DOE Library,2017-12-27T00:00:00Z,75
DOE Library,2017-12-28T00:00:00Z,123
DOE Library,2017-12-29T00:00:00Z,115
DOE Library,2017-12-30T00:00:00Z,35
DOE Library,2017-12-31T00:00:00Z,36
DOE Library,2018-01-01T00:00:00Z,28
DOE Library,2018-01-02T00:00:00Z,1183
DOE Library,2018-01-03T00:00:00Z,1100
DOE Library,2018-01-04T00:00:00Z,1113
DOE Library,2018-01-05T00:00:00Z,977
DOE Library,2018-01-06T00:00:00Z,47
DOE Library,2018-01-07T00:00:00Z,53
DOE Library,2018-01-08T00:00:00Z,1049
DOE Library,2018-01-09T00:00:00Z,1259
DOE Library,2018-01-10T00:00:00Z,1305
DOE Library,2018-01-11T00:00:00Z,1414
DOE Library,2018-01-12T00:00:00Z,1404
DOE Library,2018-01-13T00:00:00Z,427
DOE Library,2018-01-14T00:00:00Z,43
DOE Library,2018-01-15T00:00:00Z,63
DOE Library,2018-01-16T00:00:00Z,3589
DOE Library,2018-01-17T00:00:00Z,3701
DOE Library,2018-01-18T00:00:00Z,3396
DOE Library,2018-01-19T00:00:00Z,3114
DOE Library,2018-01-20T00:00:00Z,1271
DOE Library,2018-01-21T00:00:00Z,1157
DOE Library,2018-01-22T00:00:00Z,3717
DOE Library,2018-01-23T00:00:00Z,3557
DOE Library,2018-01-24T00:00:00Z,3531
DOE Library,2018-01-25T00:00:00Z,3734
DOE Library,2018-01-26T00:00:00Z,3122
DOE Library,2018-01-27T00:00:00Z,1516
DOE Library,2018-01-28T00:00:00Z,1467
DOE Library,2018-01-29T00:00:00Z,3924
DOE Library,2018-01-30T00:00:00Z,3498
DOE Library,2018-01-31T00:00:00Z,3770
DOE Library,2018-02-01T00:00:00Z,3482
DOE Library,2018-02-02T00:00:00Z,2840
DOE Library,2018-02-03T00:00:00Z,1629
DOE Library,2018-02-04T00:00:00Z,1033
DOE Library,2018-02-05T00:00:00Z,3671
DOE Library,2018-02-06T00:00:00Z,3640
DOE Library,2018-02-07T00:00:00Z,3703
DOE Library,2018-02-08T00:00:00Z,3796
DOE Library,2018-02-09T00:00:00Z,3188
DOE Library,2018-02-10T00:00:00Z,1713
DOE Library,2018-02-11T00:00:00Z,1541
DOE Library,2018-02-12T00:00:00Z,3922
DOE Library,2018-02-13T00:00:00Z,3685
DOE Library,2018-02-14T00:00:00Z,3494
DOE Library,2018-02-15T00:00:00Z,3573
DOE Library,2018-02-16T00:00:00Z,2920
DOE Library,2018-02-17T00:00:00Z,1727
DOE Library,2018-02-18T00:00:00Z,1731
DOE Library,2018-02-19T00:00:00Z,55
DOE Library,2018-02-20T00:00:00Z,3810
DOE Library,2018-02-21T00:00:00Z,3770
DOE Library,2018-02-22T00:00:00Z,3635
DOE Library,2018-02-23T00:00:00Z,3305
DOE Library,2018-02-24T00:00:00Z,1604
DOE Library,2018-02-25T00:00:00Z,1375
DOE Library,2018-02-26T00:00:00Z,3604
DOE Library,2018-02-27T00:00:00Z,3479
DOE Library,2018-02-28T00:00:00Z,3631
DOE Library,2018-03-01T00:00:00Z,3206
DOE Library,2018-03-02T00:00:00Z,2760
DOE Library,2018-03-03T00:00:00Z,1315
DOE Library,2018-03-04T00:00:00Z,1376
DOE Library,2018-03-05T00:00:00Z,3493
DOE Library,2018-03-06T00:00:00Z,3558
DOE Library,2018-03-07T00:00:00Z,3456
DOE Library,2018-03-08T00:00:00Z,3208
DOE Library,2018-03-09T00:00:00Z,3316
DOE Library,2018-03-10T00:00:00Z,1442
DOE Library,2018-03-11T00:00:00Z,1656
DOE Library,2018-03-12T00:00:00Z,3557
DOE Library,2018-03-13T00:00:00Z,3478
DOE Library,2018-03-14T00:00:00Z,3578
DOE Library,2018-03-15T00:00:00Z,3740
DOE Library,2018-03-16T00:00:00Z,3610
DOE Library,2018-03-17T00:00:00Z,1514
DOE Library,2018-03-18T00:00:00Z,1832
DOE Library,2018-03-19T00:00:00Z,3998
DOE Library,2018-03-20T00:00:00Z,3558
DOE Library,2018-03-21T00:00:00Z,3542
DOE Library,2018-03-22T00:00:00Z,3157
DOE Library,2018-03-23T00:00:00Z,2729
DOE Library,2018-03-24T00:00:00Z,51
DOE Library,2018-03-25T00:00:00Z,48
DOE Library,2018-03-26T00:00:00Z,1502
DOE Library,2018-03-27T00:00:00Z,1646
DOE Library,2018-03-28T00:00:00Z,1653
DOE Library,2018-03-29T00:00:00Z,1465
DOE Library,2018-03-30T00:00:00Z,60
DOE Library,2018-03-31T00:00:00Z,34
DOE Library,2018-04-01T00:00:00Z,46
DOE Library,2018-04-02T00:00:00Z,3804
DOE Library,2018-04-03T00:00:00Z,3786
DOE Library,2018-04-04T00:00:00Z,4024
DOE Library,2018-04-05T00:00:00Z,3916
DOE Library,2018-04-06T00:00:00Z,2523
DOE Library,2018-04-07T00:00:00Z,1997
DOE Library,2018-04-08T00:00:00Z,1688
DOE Library,2018-04-09T00:00:00Z,3911
DOE Library,2018-04-10T00:00:00Z,3377
DOE Library,2018-04-11T00:00:00Z,3596
DOE Library,2018-04-12T00:00:00Z,3411
DOE Library,2018-04-13T00:00:00Z,3230
DOE Library,2018-04-14T00:00:00Z,1857
DOE Library,2018-04-15T00:00:00Z,1397
DOE Library,2018-04-16T00:00:00Z,3467
DOE Library,2018-04-17T00:00:00Z,3573
DOE Library,2018-04-18T00:00:00Z,3633
DOE Library,2018-04-19T00:00:00Z,3280
DOE Library,2018-04-20T00:00:00Z,4091
DOE Library,2018-04-21T00:00:00Z,5473
DOE Library,2018-04-22T00:00:00Z,1789
DOE Library,2018-04-23T00:00:00Z,3595
DOE Library,2018-04-24T00:00:00Z,3538
DOE Library,2018-04-25T00:00:00Z,3697
DOE Library,2018-04-26T00:00:00Z,3776
DOE Library,2018-04-27T00:00:00Z,3421
DOE Library,2018-04-28T00:00:00Z,1755
DOE Library,2018-04-29T00:00:00Z,1577
DOE Library,2018-04-30T00:00:00Z,3389
DOE Library,2018-05-01T00:00:00Z,3436
DOE Library,2018-05-02T00:00:00Z,3766
DOE Library,2018-05-03T00:00:00Z,3963
DOE Library,2018-05-04T00:00:00Z,3993
DOE Library,2018-05-05T00:00:00Z,2698
DOE Library,2018-05-06T00:00:00Z,2021
DOE Library,2018-05-07T00:00:00Z,3372
DOE Library,2018-05-08T00:00:00Z,3276
DOE Library,2018-05-09T00:00:00Z,3140
DOE Library,2018-05-10T00:00:00Z,2904
DOE Library,2018-05-11T00:00:00Z,3370
DOE Library,2018-05-12T00:00:00Z,1740
DOE Library,2018-05-13T00:00:00Z,39
DOE Library,2018-05-14T00:00:00Z,1916
DOE Library,2018-05-15T00:00:00Z,1974
DOE Library,2018-05-16T00:00:00Z,1652
DOE Library,2018-05-17T00:00:00Z,1790
DOE Library,2018-05-18T00:00:00Z,1467
DOE Library,2018-05-19T00:00:00Z,49
DOE Library,2018-05-20T00:00:00Z,54
DOE Library,2018-05-21T00:00:00Z,1682
DOE Library,2018-05-22T00:00:00Z,1454
DOE Library,2018-05-23T00:00:00Z,1435
DOE Library,2018-05-24T00:00:00Z,1591
DOE Library,2018-05-25T00:00:00Z,1361
DOE Library,2018-05-26T00:00:00Z,47
DOE Library,2018-05-27T00:00:00Z,47
DOE Library,2018-05-28T00:00:00Z,55
DOE Library,2018-05-29T00:00:00Z,1694
DOE Library,2018-05-30T00:00:00Z,1473
DOE Library,2018-05-31T00:00:00Z,1360
DOE Library,2018-06-01T00:00:00Z,1398
DOE Library,2018-06-02T00:00:00Z,85
DOE Library,2018-06-03T00:00:00Z,42
DOE Library,2018-06-04T00:00:00Z,1432
DOE Library,2018-06-05T00:00:00Z,1564
DOE Library,2018-06-06T00:00:00Z,1450
DOE Library,2018-06-07T00:00:00Z,1388
DOE Library,2018-06-08T00:00:00Z,1315
DOE Library,2018-06-09T00:00:00Z,41
DOE Library,2018-06-10T00:00:00Z,61
DOE Library,2018-06-11T00:00:00Z,1592
DOE Library,2018-06-12T00:00:00Z,1618
DOE Library,2018-06-13T00:00:00Z,1498
DOE Library,2018-06-14T00:00:00Z,1520
DOE Library,2018-06-15T00:00:00Z,1321
DOE Library,2018-06-16T00:00:00Z,43
DOE Library,2018-06-17T00:00:00Z,47
DOE Library,2018-06-18T00:00:00Z,1961
DOE Library,2018-06-19T00:00:00Z,1982
DOE Library,2018-06-20T00:00:00Z,2086
DOE Library,2018-06-21T00:00:00Z,1853
DOE Library,2018-06-22T00:00:00Z,1642
DOE Library,2018-06-23T00:00:00Z,52
DOE Library,2018-06-24T00:00:00Z,60
DOE Library,2018-06-25T00:00:00Z,1745
DOE Library,2018-06-26T00:00:00Z,1679
DOE Library,2018-06-27T00:00:00Z,1788
DOE Library,2018-06-28T00:00:00Z,1725
DOE Library,2018-06-29T00:00:00Z,1637
DOE Library,2018-06-30T00:00:00Z,62
DOE Library,2018-07-01T00:00:00Z,60
DOE STACKS,2017-07-01T00:00:00Z,13
DOE STACKS,2017-07-02T00:00:00Z,12
DOE STACKS,2017-07-03T00:00:00Z,691
DOE STACKS,2017-07-04T00:00:00Z,10
DOE STACKS,2017-07-05T00:00:00Z,591
DOE STACKS,2017-07-06T00:00:00Z,592
DOE STACKS,2017-07-07T00:00:00Z,483
DOE STACKS,2017-07-08T00:00:00Z,355
DOE STACKS,2017-07-09T00:00:00Z,294
DOE STACKS,2017-07-10T00:00:00Z,591
DOE STACKS,2017-07-11T00:00:00Z,536
DOE STACKS,2017-07-12T00:00:00Z,563
DOE STACKS,2017-07-13T00:00:00Z,511
DOE STACKS,2017-07-14T00:00:00Z,387
DOE STACKS,2017-07-15T00:00:00Z,250
DOE STACKS,2017-07-16T00:00:00Z,227
DOE STACKS,2017-07-17T00:00:00Z,597
DOE STACKS,2017-07-18T00:00:00Z,642
DOE STACKS,2017-07-19T00:00:00Z,592
DOE STACKS,2017-07-20T00:00:00Z,552
DOE STACKS,2017-07-21T00:00:00Z,411
DOE STACKS,2017-07-22T00:00:00Z,233
DOE STACKS,2017-07-23T00:00:00Z,325
DOE STACKS,2017-07-24T00:00:00Z,650
DOE STACKS,2017-07-25T00:00:00Z,668
DOE STACKS,2017-07-26T00:00:00Z,661
DOE STACKS,2017-07-27T00:00:00Z,547
DOE STACKS,2017-07-28T00:00:00Z,417
DOE STACKS,2017-07-29T00:00:00Z,259
DOE STACKS,2017-07-30T00:00:00Z,319
DOE STACKS,2017-07-31T00:00:00Z,613
DOE STACKS,2017-08-01T00:00:00Z,666
DOE STACKS,2017-08-02T00:00:00Z,506
DOE STACKS,2017-08-03T00:00:00Z,499
DOE STACKS,2017-08-04T00:00:00Z,412
DOE STACKS,2017-08-05T00:00:00Z,355
DOE STACKS,2017-08-06T00:00:00Z,177
DOE STACKS,2017-08-07T00:00:00Z,379
DOE STACKS,2017-08-08T00:00:00Z,802
DOE STACKS,2017-08-09T00:00:00Z,830
DOE STACKS,2017-08-10T00:00:00Z,589
DOE STACKS,2017-08-11T00:00:00Z,341
DOE STACKS,2017-08-12T00:00:00Z,12
DOE STACKS,2017-08-13T00:00:00Z,7
DOE STACKS,2017-08-14T00:00:00Z,392
DOE STACKS,2017-08-15T00:00:00Z,362
DOE STACKS,2017-08-16T00:00:00Z,666
DOE STACKS,2017-08-17T00:00:00Z,645
DOE STACKS,2017-08-18T00:00:00Z,576
DOE STACKS,2017-08-19T00:00:00Z,7
DOE STACKS,2017-08-20T00:00:00Z,13
DOE STACKS,2017-08-21T00:00:00Z,804
DOE STACKS,2017-08-22T00:00:00Z,952
DOE STACKS,2017-08-23T00:00:00Z,1520
DOE STACKS,2017-08-24T00:00:00Z,1484
DOE STACKS,2017-08-25T00:00:00Z,1205
DOE STACKS,2017-08-26T00:00:00Z,776
DOE STACKS,2017-08-27T00:00:00Z,582
DOE STACKS,2017-08-28T00:00:00Z,1904
DOE STACKS,2017-08-29T00:00:00Z,1737
DOE STACKS,2017-08-30T00:00:00Z,1709
DOE STACKS,2017-08-31T00:00:00Z,1502
DOE STACKS,2017-09-01T00:00:00Z,1476
DOE STACKS,2017-09-02T00:00:00Z,1896
DOE STACKS,2017-09-03T00:00:00Z,1236
DOE STACKS,2017-09-04T00:00:00Z,10
DOE STACKS,2017-09-05T00:00:00Z,2162
DOE STACKS,2017-09-06T00:00:00Z,1972
DOE STACKS,2017-09-07T00:00:00Z,2120
DOE STACKS,2017-09-08T00:00:00Z,1601
DOE STACKS,2017-09-09T00:00:00Z,1516
DOE STACKS,2017-09-10T00:00:00Z,1628
DOE STACKS,2017-09-11T00:00:00Z,2723
DOE STACKS,2017-09-12T00:00:00Z,2572
DOE STACKS,2017-09-13T00:00:00Z,2758
DOE STACKS,2017-09-14T00:00:00Z,2377
DOE STACKS,2017-09-15T00:00:00Z,1592
DOE STACKS,2017-09-16T00:00:00Z,1407
DOE STACKS,2017-09-17T00:00:00Z,1676
DOE STACKS,2017-09-18T00:00:00Z,2780
DOE STACKS,2017-09-19T00:00:00Z,2624
DOE STACKS,2017-09-20T00:00:00Z,2765
DOE STACKS,2017-09-21T00:00:00Z,2419
DOE STACKS,2017-09-22T00:00:00Z,1776
DOE STACKS,2017-09-23T00:00:00Z,1720
DOE STACKS,2017-09-24T00:00:00Z,1922
DOE STACKS,2017-09-25T00:00:00Z,3521
DOE STACKS,2017-09-26T00:00:00Z,3484
DOE STACKS,2017-09-27T00:00:00Z,3176
DOE STACKS,2017-09-28T00:00:00Z,2536
DOE STACKS,2017-09-29T00:00:00Z,1639
DOE STACKS,2017-09-30T00:00:00Z,1857
DOE STACKS,2017-10-01T00:00:00Z,1771
DOE STACKS,2017-10-02T00:00:00Z,3036
DOE STACKS,2017-10-03T00:00:00Z,2867
DOE STACKS,2017-10-04T00:00:00Z,2859
DOE STACKS,2017-10-05T00:00:00Z,2501
DOE STACKS,2017-10-06T00:00:00Z,1666
DOE STACKS,2017-10-07T00:00:00Z,1548
DOE STACKS,2017-10-08T00:00:00Z,1600
DOE STACKS,2017-10-09T00:00:00Z,2869
DOE STACKS,2017-10-10T00:00:00Z,3110
DOE STACKS,2017-10-11T00:00:00Z,3071
DOE STACKS,2017-10-12T00:00:00Z,2344
DOE STACKS,2017-10-13T00:00:00Z,1587
DOE STACKS,2017-10-14T00:00:00Z,1545
DOE STACKS,2017-10-15T00:00:00Z,1669
DOE STACKS,2017-10-16T00:00:00Z,2868
DOE STACKS,2017-10-17T00:00:00Z,2815
DOE STACKS,2017-10-18T00:00:00Z,2647
DOE STACKS,2017-10-19T00:00:00Z,2225
DOE STACKS,2017-10-20T00:00:00Z,1700
DOE STACKS,2017-10-21T00:00:00Z,1590
DOE STACKS,2017-10-22T00:00:00Z,1660
DOE STACKS,2017-10-23T00:00:00Z,2705
DOE STACKS,2017-10-24T00:00:00Z,2965
DOE STACKS,2017-10-25T00:00:00Z,3065
DOE STACKS,2017-10-26T00:00:00Z,2606
DOE STACKS,2017-10-27T00:00:00Z,1783
DOE STACKS,2017-10-28T00:00:00Z,1570
DOE STACKS,2017-10-29T00:00:00Z,1795
DOE STACKS,2017-10-30T00:00:00Z,3016
DOE STACKS,2017-10-31T00:00:00Z,2790
DOE STACKS,2017-11-01T00:00:00Z,2761
DOE STACKS,2017-11-02T00:00:00Z,2316
DOE STACKS,2017-11-03T00:00:00Z,1727
DOE STACKS,2017-11-04T00:00:00Z,1343
DOE STACKS,2017-11-05T00:00:00Z,1653
DOE STACKS,2017-11-06T00:00:00Z,2751
DOE STACKS,2017-11-07T00:00:00Z,2392
DOE STACKS,2017-11-08T00:00:00Z,2284
DOE STACKS,2017-11-09T00:00:00Z,1619
DOE STACKS,2017-11-10T00:00:00Z,15
DOE STACKS,2017-11-11T00:00:00Z,20
DOE STACKS,2017-11-12T00:00:00Z,1367
DOE STACKS,2017-11-13T00:00:00Z,2515
DOE STACKS,2017-11-14T00:00:00Z,2530
DOE STACKS,2017-11-15T00:00:00Z,2383
DOE STACKS,2017-11-16T00:00:00Z,1808
DOE STACKS,2017-11-17T00:00:00Z,1366
DOE STACKS,2017-11-18T00:00:00Z,884
DOE STACKS,2017-11-19T00:00:00Z,1209
DOE STACKS,2017-11-20T00:00:00Z,1845
DOE STACKS,2017-11-21T00:00:00Z,1027
DOE STACKS,2017-11-22T00:00:00Z,368
DOE STACKS,2017-11-23T00:00:00Z,22
DOE STACKS,2017-11-24T00:00:00Z,17
DOE STACKS,2017-11-25T00:00:00Z,21
DOE STACKS,2017-11-26T00:00:00Z,733
DOE STACKS,2017-11-27T00:00:00Z,2613
DOE STACKS,2017-11-28T00:00:00Z,2816
DOE STACKS,2017-11-29T00:00:00Z,2950
DOE STACKS,2017-11-30T00:00:00Z,2436
DOE STACKS,2017-12-01T00:00:00Z,1787
DOE STACKS,2017-12-02T00:00:00Z,1504
DOE STACKS,2017-12-03T00:00:00Z,1342
DOE STACKS,2017-12-04T00:00:00Z,2918
DOE STACKS,2017-12-05T00:00:00Z,3277
DOE STACKS,2017-12-06T00:00:00Z,3369
DOE STACKS,2017-12-07T00:00:00Z,4104
DOE STACKS,2017-12-08T00:00:00Z,3733
DOE STACKS,2017-12-09T00:00:00Z,3961
DOE STACKS,2017-12-10T00:00:00Z,3538
DOE STACKS,2017-12-11T00:00:00Z,3488
DOE STACKS,2017-12-12T00:00:00Z,3063
DOE STACKS,2017-12-13T00:00:00Z,2692
DOE STACKS,2017-12-14T00:00:00Z,1966
DOE STACKS,2017-12-15T00:00:00Z,960
DOE STACKS,2017-12-16T00:00:00Z,26
DOE STACKS,2017-12-17T00:00:00Z,19
DOE STACKS,2017-12-18T00:00:00Z,296
DOE STACKS,2017-12-19T00:00:00Z,257
DOE STACKS,2017-12-20T00:00:00Z,265
DOE STACKS,2017-12-21T00:00:00Z,323
DOE STACKS,2017-12-22T00:00:00Z,63
DOE STACKS,2017-12-23T00:00:00Z,29
DOE STACKS,2017-12-24T00:00:00Z,11
DOE STACKS,2017-12-25T00:00:00Z,7
DOE STACKS,2017-12-26T00:00:00Z,15
DOE STACKS,2017-12-27T00:00:00Z,21
DOE STACKS,2017-12-28T00:00:00Z,50
DOE STACKS,2017-12-29T00:00:00Z,23
DOE STACKS,2017-12-30T00:00:00Z,27
DOE STACKS,2017-12-31T00:00:00Z,14
DOE STACKS,2018-01-01T00:00:00Z,14
DOE STACKS,2018-01-02T00:00:00Z,274
DOE STACKS,2018-01-03T00:00:00Z,261
DOE STACKS,2018-01-04T00:00:00Z,243
DOE STACKS,2018-01-05T00:00:00Z,292
DOE STACKS,2018-01-06T00:00:00Z,15
DOE STACKS,2018-01-07T00:00:00Z,20
DOE STACKS,2018-01-08T00:00:00Z,328
DOE STACKS,2018-01-09T00:00:00Z,283
DOE STACKS,2018-01-10T00:00:00Z,316
DOE STACKS,2018-01-11T00:00:00Z,300
DOE STACKS,2018-01-12T00:00:00Z,349
DOE STACKS,2018-01-13T00:00:00Z,14
DOE STACKS,2018-01-14T00:00:00Z,5
DOE STACKS,2018-01-15T00:00:00Z,12
DOE STACKS,2018-01-16T00:00:00Z,1215
DOE STACKS,2018-01-17T00:00:00Z,1390
DOE STACKS,2018-01-18T00:00:00Z,1278
DOE STACKS,2018-01-19T00:00:00Z,996
DOE STACKS,2018-01-20T00:00:00Z,722
DOE STACKS,2018-01-21T00:00:00Z,797
DOE STACKS,2018-01-22T00:00:00Z,1791
DOE STACKS,2018-01-23T00:00:00Z,1539
DOE STACKS,2018-01-24T00:00:00Z,1536
DOE STACKS,2018-01-25T00:00:00Z,1666
DOE STACKS,2018-01-26T00:00:00Z,1351
DOE STACKS,2018-01-27T00:00:00Z,1076
DOE STACKS,2018-01-28T00:00:00Z,1232
DOE STACKS,2018-01-29T00:00:00Z,1925
DOE STACKS,2018-01-30T00:00:00Z,1769
DOE STACKS,2018-01-31T00:00:00Z,1871
DOE STACKS,2018-02-01T00:00:00Z,1610
DOE STACKS,2018-02-02T00:00:00Z,1233
DOE STACKS,2018-02-03T00:00:00Z,1246
DOE STACKS,2018-02-04T00:00:00Z,952
DOE STACKS,2018-02-05T00:00:00Z,2270
DOE STACKS,2018-02-06T00:00:00Z,1946
DOE STACKS,2018-02-07T00:00:00Z,2156
DOE STACKS,2018-02-08T00:00:00Z,2011
DOE STACKS,2018-02-09T00:00:00Z,1371
DOE STACKS,2018-02-10T00:00:00Z,1498
DOE STACKS,2018-02-11T00:00:00Z,1489
DOE STACKS,2018-02-12T00:00:00Z,2383
DOE STACKS,2018-02-13T00:00:00Z,2340
DOE STACKS,2018-02-14T00:00:00Z,2153
DOE STACKS,2018-02-15T00:00:00Z,1878
DOE STACKS,2018-02-16T00:00:00Z,1199
DOE STACKS,2018-02-17T00:00:00Z,1024
DOE STACKS,2018-02-18T00:00:00Z,1071
DOE STACKS,2018-02-19T00:00:00Z,6
DOE STACKS,2018-02-20T00:00:00Z,2159
DOE STACKS,2018-02-21T00:00:00Z,2141
DOE STACKS,2018-02-22T00:00:00Z,1998
DOE STACKS,2018-02-23T00:00:00Z,1491
DOE STACKS,2018-02-24T00:00:00Z,1371
DOE STACKS,2018-02-25T00:00:00Z,1482
DOE STACKS,2018-02-26T00:00:00Z,2304
DOE STACKS,2018-02-27T00:00:00Z,2108
DOE STACKS,2018-02-28T00:00:00Z,2412
DOE STACKS,2018-03-01T00:00:00Z,1828
DOE STACKS,2018-03-02T00:00:00Z,1317
DOE STACKS,2018-03-03T00:00:00Z,1308
DOE STACKS,2018-03-04T00:00:00Z,1208
DOE STACKS,2018-03-05T00:00:00Z,2293
DOE STACKS,2018-03-06T00:00:00Z,2248
DOE STACKS,2018-03-07T00:00:00Z,2418
DOE STACKS,2018-03-08T00:00:00Z,2011
DOE STACKS,2018-03-09T00:00:00Z,1420
DOE STACKS,2018-03-10T00:00:00Z,1106
DOE STACKS,2018-03-11T00:00:00Z,1424
DOE STACKS,2018-03-12T00:00:00Z,2275
DOE STACKS,2018-03-13T00:00:00Z,2360
DOE STACKS,2018-03-14T00:00:00Z,2521
DOE STACKS,2018-03-15T00:00:00Z,2280
DOE STACKS,2018-03-16T00:00:00Z,1585
DOE STACKS,2018-03-17T00:00:00Z,1710
DOE STACKS,2018-03-18T00:00:00Z,1811
DOE STACKS,2018-03-19T00:00:00Z,2974
DOE STACKS,2018-03-20T00:00:00Z,2874
DOE STACKS,2018-03-21T00:00:00Z,2620
DOE STACKS,2018-03-22T00:00:00Z,2054
DOE STACKS,2018-03-23T00:00:00Z,1095
DOE STACKS,2018-03-24T00:00:00Z,22
DOE STACKS,2018-03-25T00:00:00Z,16
DOE STACKS,2018-03-26T00:00:00Z,309
DOE STACKS,2018-03-27T00:00:00Z,276
DOE STACKS,2018-03-28T00:00:00Z,311
DOE STACKS,2018-03-29T00:00:00Z,309
DOE STACKS,2018-03-30T00:00:00Z,17
DOE STACKS,2018-03-31T00:00:00Z,18
DOE STACKS,2018-04-01T00:00:00Z,9
DOE STACKS,2018-04-02T00:00:00Z,2017
DOE STACKS,2018-04-03T00:00:00Z,2269
DOE STACKS,2018-04-04T00:00:00Z,2548
DOE STACKS,2018-04-05T00:00:00Z,2040
DOE STACKS,2018-04-06T00:00:00Z,1380
DOE STACKS,2018-04-07T00:00:00Z,1336
DOE STACKS,2018-04-08T00:00:00Z,1409
DOE STACKS,2018-04-09T00:00:00Z,2404
DOE STACKS,2018-04-10T00:00:00Z,2131
DOE STACKS,2018-04-11T00:00:00Z,2115
DOE STACKS,2018-04-12T00:00:00Z,1817
DOE STACKS,2018-04-13T00:00:00Z,1247
DOE STACKS,2018-04-14T00:00:00Z,1002
DOE STACKS,2018-04-15T00:00:00Z,1188
DOE STACKS,2018-04-16T00:00:00Z,2282
DOE STACKS,2018-04-17T00:00:00Z,2194
DOE STACKS,2018-04-18T00:00:00Z,2427
DOE STACKS,2018-04-19T00:00:00Z,1975
DOE STACKS,2018-04-20T00:00:00Z,1343
DOE STACKS,2018-04-21T00:00:00Z,2032
DOE STACKS,2018-04-22T00:00:00Z,1376
DOE STACKS,2018-04-23T00:00:00Z,2450
DOE STACKS,2018-04-24T00:00:00Z,2423
DOE STACKS,2018-04-25T00:00:00Z,2522
DOE STACKS,2018-04-26T00:00:00Z,1998
DOE STACKS,2018-04-27T00:00:00Z,1397
DOE STACKS,2018-04-28T00:00:00Z,1151
DOE STACKS,2018-04-29T00:00:00Z,1203
DOE STACKS,2018-04-30T00:00:00Z,2477
DOE STACKS,2018-05-01T00:00:00Z,2656
DOE STACKS,2018-05-02T00:00:00Z,3231
DOE STACKS,2018-05-03T00:00:00Z,4210
DOE STACKS,2018-05-04T00:00:00Z,3395
DOE STACKS,2018-05-05T00:00:00Z,3802
DOE STACKS,2018-05-06T00:00:00Z,3640
DOE STACKS,2018-05-07T00:00:00Z,3356
DOE STACKS,2018-05-08T00:00:00Z,2964
DOE STACKS,2018-05-09T00:00:00Z,2855
DOE STACKS,2018-05-10T00:00:00Z,2046
DOE STACKS,2018-05-11T00:00:00Z,1082
DOE STACKS,2018-05-12T00:00:00Z,17
DOE STACKS,2018-05-13T00:00:00Z,14
DOE STACKS,2018-05-14T00:00:00Z,308
DOE STACKS,2018-05-15T00:00:00Z,272
DOE STACKS,2018-05-16T00:00:00Z,297
DOE STACKS,2018-05-17T00:00:00Z,241
DOE STACKS,2018-05-18T00:00:00Z,262
DOE STACKS,2018-05-19T00:00:00Z,21
DOE STACKS,2018-05-20T00:00:00Z,14
DOE STACKS,2018-05-21T00:00:00Z,366
DOE STACKS,2018-05-22T00:00:00Z,353
DOE STACKS,2018-05-23T00:00:00Z,308
DOE STACKS,2018-05-24T00:00:00Z,283
DOE STACKS,2018-05-25T00:00:00Z,294
DOE STACKS,2018-05-26T00:00:00Z,19
DOE STACKS,2018-05-27T00:00:00Z,12
DOE STACKS,2018-05-28T00:00:00Z,18
DOE STACKS,2018-05-29T00:00:00Z,373
DOE STACKS,2018-05-30T00:00:00Z,331
DOE STACKS,2018-05-31T00:00:00Z,311
DOE STACKS,2018-06-01T00:00:00Z,283
DOE STACKS,2018-06-02T00:00:00Z,22
DOE STACKS,2018-06-03T00:00:00Z,14
DOE STACKS,2018-06-04T00:00:00Z,316
DOE STACKS,2018-06-05T00:00:00Z,291
DOE STACKS,2018-06-06T00:00:00Z,357
DOE STACKS,2018-06-07T00:00:00Z,315
DOE STACKS,2018-06-08T00:00:00Z,279
DOE STACKS,2018-06-09T00:00:00Z,22
DOE STACKS,2018-06-10T00:00:00Z,20
DOE STACKS,2018-06-11T00:00:00Z,348
DOE STACKS,2018-06-12T00:00:00Z,316
DOE STACKS,2018-06-13T00:00:00Z,293
DOE STACKS,2018-06-14T00:00:00Z,343
DOE STACKS,2018-06-15T00:00:00Z,265
DOE STACKS,2018-06-16T00:00:00Z,14
DOE STACKS,2018-06-17T00:00:00Z,15
DOE STACKS,2018-06-18T00:00:00Z,480
DOE STACKS,2018-06-19T00:00:00Z,463
DOE STACKS,2018-06-20T00:00:00Z,410
DOE STACKS,2018-06-21T00:00:00Z,435
DOE STACKS,2018-06-22T00:00:00Z,325
DOE STACKS,2018-06-23T00:00:00Z,14
DOE STACKS,2018-06-24T00:00:00Z,13
DOE STACKS,2018-06-25T00:00:00Z,422
DOE STACKS,2018-06-26T00:00:00Z,430
DOE STACKS,2018-06-27T00:00:00Z,398
DOE STACKS,2018-06-28T00:00:00Z,400
DOE STACKS,2018-06-29T00:00:00Z,350
DOE STACKS,2018-06-30T00:00:00Z,15
DOE STACKS,2018-07-01T00:00:00Z,12
MOFF Library,2017-07-01T00:00:00Z,27
MOFF Library,2017-07-02T00:00:00Z,21
MOFF Library,2017-07-03T00:00:00Z,1527
MOFF Library,2017-07-04T00:00:00Z,15
MOFF Library,2017-07-05T00:00:00Z,2074
MOFF Library,2017-07-06T00:00:00Z,1979
MOFF Library,2017-07-07T00:00:00Z,1152
MOFF Library,2017-07-08T00:00:00Z,640
MOFF Library,2017-07-09T00:00:00Z,810
MOFF Library,2017-07-10T00:00:00Z,2135
MOFF Library,2017-07-11T00:00:00Z,2086
MOFF Library,2017-07-12T00:00:00Z,2242
MOFF Library,2017-07-13T00:00:00Z,1782
MOFF Library,2017-07-14T00:00:00Z,1074
MOFF Library,2017-07-15T00:00:00Z,609
MOFF Library,2017-07-16T00:00:00Z,747
MOFF Library,2017-07-17T00:00:00Z,2172
MOFF Library,2017-07-18T00:00:00Z,2324
MOFF Library,2017-07-19T00:00:00Z,2385
MOFF Library,2017-07-20T00:00:00Z,2120
MOFF Library,2017-07-21T00:00:00Z,1234
MOFF Library,2017-07-22T00:00:00Z,738
MOFF Library,2017-07-23T00:00:00Z,1004
MOFF Library,2017-07-24T00:00:00Z,2212
MOFF Library,2017-07-25T00:00:00Z,2169
MOFF Library,2017-07-26T00:00:00Z,2525
MOFF Library,2017-07-27T00:00:00Z,2039
MOFF Library,2017-07-28T00:00:00Z,1196
MOFF Library,2017-07-29T00:00:00Z,572
MOFF Library,2017-07-30T00:00:00Z,919
MOFF Library,2017-07-31T00:00:00Z,2182
MOFF Library,2017-08-01T00:00:00Z,2175
MOFF Library,2017-08-02T00:00:00Z,2386
MOFF Library,2017-08-03T00:00:00Z,1890
MOFF Library,2017-08-04T00:00:00Z,755
MOFF Library,2017-08-05T00:00:00Z,1088
MOFF Library,2017-08-06T00:00:00Z,465
MOFF Library,2017-08-07T00:00:00Z,1040
MOFF Library,2017-08-08T00:00:00Z,2450
MOFF Library,2017-08-09T00:00:00Z,2991
MOFF Library,2017-08-10T00:00:00Z,2078
MOFF Library,2017-08-11T00:00:00Z,948
MOFF Library,2017-08-12T00:00:00Z,160
MOFF Library,2017-08-13T00:00:00Z,56
MOFF Library,2017-08-14T00:00:00Z,737
MOFF Library,2017-08-15T00:00:00Z,791
MOFF Library,2017-08-16T00:00:00Z,1248
MOFF Library,2017-08-17T00:00:00Z,1079
MOFF Library,2017-08-18T00:00:00Z,1100
MOFF Library,2017-08-19T00:00:00Z,26
MOFF Library,2017-08-20T00:00:00Z,12
MOFF Library,2017-08-21T00:00:00Z,1372
MOFF Library,2017-08-22T00:00:00Z,1652
MOFF Library,2017-08-23T00:00:00Z,6153
MOFF Library,2017-08-24T00:00:00Z,6156
MOFF Library,2017-08-25T00:00:00Z,4442
MOFF Library,2017-08-26T00:00:00Z,2059
MOFF Library,2017-08-27T00:00:00Z,2387
MOFF Library,2017-08-28T00:00:00Z,7212
MOFF Library,2017-08-29T00:00:00Z,7032
MOFF Library,2017-08-30T00:00:00Z,7478
MOFF Library,2017-08-31T00:00:00Z,6348
MOFF Library,2017-09-01T00:00:00Z,5418
MOFF Library,2017-09-02T00:00:00Z,3771
MOFF Library,2017-09-03T00:00:00Z,3224
MOFF Library,2017-09-04T00:00:00Z,20
MOFF Library,2017-09-05T00:00:00Z,8113
MOFF Library,2017-09-06T00:00:00Z,8220
MOFF Library,2017-09-07T00:00:00Z,7762
MOFF Library,2017-09-08T00:00:00Z,5433
MOFF Library,2017-09-09T00:00:00Z,3294
MOFF Library,2017-09-10T00:00:00Z,4886
MOFF Library,2017-09-11T00:00:00Z,8848
MOFF Library,2017-09-12T00:00:00Z,8919
MOFF Library,2017-09-13T00:00:00Z,9673
MOFF Library,2017-09-14T00:00:00Z,8100
MOFF Library,2017-09-15T00:00:00Z,5415
MOFF Library,2017-09-16T00:00:00Z,3571
MOFF Library,2017-09-17T00:00:00Z,5495
MOFF Library,2017-09-18T00:00:00Z,9148
MOFF Library,2017-09-19T00:00:00Z,8876
MOFF Library,2017-09-20T00:00:00Z,9014
MOFF Library,2017-09-21T00:00:00Z,8145
MOFF Library,2017-09-22T00:00:00Z,5921
MOFF Library,2017-09-23T00:00:00Z,4059
MOFF Library,2017-09-24T00:00:00Z,5953
MOFF Library,2017-09-25T00:00:00Z,10259
MOFF Library,2017-09-26T00:00:00Z,10073
MOFF Library,2017-09-27T00:00:00Z,9533
MOFF Library,2017-09-28T00:00:00Z,8248
MOFF Library,2017-09-29T00:00:00Z,5335
MOFF Library,2017-09-30T00:00:00Z,4298
MOFF Library,2017-10-01T00:00:00Z,5718
MOFF Library,2017-10-02T00:00:00Z,9488
MOFF Library,2017-10-03T00:00:00Z,8802
MOFF Library,2017-10-04T00:00:00Z,9173
MOFF Library,2017-10-05T00:00:00Z,8068
MOFF Library,2017-10-06T00:00:00Z,5407
MOFF Library,2017-10-07T00:00:00Z,3428
MOFF Library,2017-10-08T00:00:00Z,5357
MOFF Library,2017-10-09T00:00:00Z,9089
MOFF Library,2017-10-10T00:00:00Z,7906
MOFF Library,2017-10-11T00:00:00Z,9648
MOFF Library,2017-10-12T00:00:00Z,7487
MOFF Library,2017-10-13T00:00:00Z,5004
MOFF Library,2017-10-14T00:00:00Z,3626
MOFF Library,2017-10-15T00:00:00Z,5363
MOFF Library,2017-10-16T00:00:00Z,8735
MOFF Library,2017-10-17T00:00:00Z,8742
MOFF Library,2017-10-18T00:00:00Z,8837
MOFF Library,2017-10-19T00:00:00Z,7280
MOFF Library,2017-10-20T00:00:00Z,5066
MOFF Library,2017-10-21T00:00:00Z,3499
MOFF Library,2017-10-22T00:00:00Z,5287
MOFF Library,2017-10-23T00:00:00Z,8696
MOFF Library,2017-10-24T00:00:00Z,8976
MOFF Library,2017-10-25T00:00:00Z,9415
MOFF Library,2017-10-26T00:00:00Z,8131
MOFF Library,2017-10-27T00:00:00Z,5138
MOFF Library,2017-10-28T00:00:00Z,3582
MOFF Library,2017-10-29T00:00:00Z,5826
MOFF Library,2017-10-30T00:00:00Z,9354
MOFF Library,2017-10-31T00:00:00Z,8429
MOFF Library,2017-11-01T00:00:00Z,8702
MOFF Library,2017-11-02T00:00:00Z,7466
MOFF Library,2017-11-03T00:00:00Z,5252
MOFF Library,2017-11-04T00:00:00Z,3175
MOFF Library,2017-11-05T00:00:00Z,5444
MOFF Library,2017-11-06T00:00:00Z,8344
MOFF Library,2017-11-07T00:00:00Z,8074
MOFF Library,2017-11-08T00:00:00Z,7862
MOFF Library,2017-11-09T00:00:00Z,5535
MOFF Library,2017-11-10T00:00:00Z,40
MOFF Library,2017-11-11T00:00:00Z,26
MOFF Library,2017-11-12T00:00:00Z,4239
MOFF Library,2017-11-13T00:00:00Z,7793
MOFF Library,2017-11-14T00:00:00Z,8125
MOFF Library,2017-11-15T00:00:00Z,7942
MOFF Library,2017-11-16T00:00:00Z,6532
MOFF Library,2017-11-17T00:00:00Z,4491
MOFF Library,2017-11-18T00:00:00Z,2247
MOFF Library,2017-11-19T00:00:00Z,3895
MOFF Library,2017-11-20T00:00:00Z,5885
MOFF Library,2017-11-21T00:00:00Z,3355
MOFF Library,2017-11-22T00:00:00Z,688
MOFF Library,2017-11-23T00:00:00Z,14
MOFF Library,2017-11-24T00:00:00Z,6
MOFF Library,2017-11-25T00:00:00Z,28
MOFF Library,2017-11-26T00:00:00Z,2436
MOFF Library,2017-11-27T00:00:00Z,8089
MOFF Library,2017-11-28T00:00:00Z,9031
MOFF Library,2017-11-29T00:00:00Z,9140
MOFF Library,2017-11-30T00:00:00Z,7947
MOFF Library,2017-12-01T00:00:00Z,5555
MOFF Library,2017-12-02T00:00:00Z,3212
MOFF Library,2017-12-03T00:00:00Z,4469
MOFF Library,2017-12-04T00:00:00Z,7137
MOFF Library,2017-12-05T00:00:00Z,7558
MOFF Library,2017-12-06T00:00:00Z,8180
MOFF Library,2017-12-07T00:00:00Z,9156
MOFF Library,2017-12-08T00:00:00Z,8386
MOFF Library,2017-12-09T00:00:00Z,8217
MOFF Library,2017-12-10T00:00:00Z,8546
MOFF Library,2017-12-11T00:00:00Z,8534
MOFF Library,2017-12-12T00:00:00Z,7905
MOFF Library,2017-12-13T00:00:00Z,6971
MOFF Library,2017-12-14T00:00:00Z,5632
MOFF Library,2017-12-15T00:00:00Z,3099
MOFF Library,2017-12-16T00:00:00Z,29
MOFF Library,2017-12-17T00:00:00Z,28
MOFF Library,2017-12-18T00:00:00Z,486
MOFF Library,2017-12-19T00:00:00Z,432
MOFF Library,2017-12-20T00:00:00Z,350
MOFF Library,2017-12-21T00:00:00Z,360
MOFF Library,2017-12-22T00:00:00Z,100
MOFF Library,2017-12-23T00:00:00Z,28
MOFF Library,2017-12-24T00:00:00Z,16
MOFF Library,2017-12-25T00:00:00Z,5
MOFF Library,2017-12-26T00:00:00Z,26
MOFF Library,2017-12-27T00:00:00Z,23
MOFF Library,2017-12-28T00:00:00Z,29
MOFF Library,2017-12-29T00:00:00Z,18
MOFF Library,2017-12-30T00:00:00Z,33
MOFF Library,2017-12-31T00:00:00Z,17
MOFF Library,2018-01-01T00:00:00Z,15
MOFF Library,2018-01-02T00:00:00Z,307
MOFF Library,2018-01-03T00:00:00Z,336
MOFF Library,2018-01-04T00:00:00Z,338
MOFF Library,2018-01-05T00:00:00Z,306
MOFF Library,2018-01-06T00:00:00Z,21
MOFF Library,2018-01-07T00:00:00Z,13
MOFF Library,2018-01-08T00:00:00Z,400
MOFF Library,2018-01-09T00:00:00Z,437
MOFF Library,2018-01-10T00:00:00Z,490
MOFF Library,2018-01-11T00:00:00Z,482
MOFF Library,2018-01-12T00:00:00Z,559
MOFF Library,2018-01-13T00:00:00Z,24
MOFF Library,2018-01-14T00:00:00Z,26
MOFF Library,2018-01-15T00:00:00Z,34
MOFF Library,2018-01-16T00:00:00Z,4791
MOFF Library,2018-01-17T00:00:00Z,5616
MOFF Library,2018-01-18T00:00:00Z,5227
MOFF Library,2018-01-19T00:00:00Z,3752
MOFF Library,2018-01-20T00:00:00Z,1901
MOFF Library,2018-01-21T00:00:00Z,2791
MOFF Library,2018-01-22T00:00:00Z,6729
MOFF Library,2018-01-23T00:00:00Z,6493
MOFF Library,2018-01-24T00:00:00Z,6510
MOFF Library,2018-01-25T00:00:00Z,6664
MOFF Library,2018-01-26T00:00:00Z,4344
MOFF Library,2018-01-27T00:00:00Z,2770
MOFF Library,2018-01-28T00:00:00Z,3898
MOFF Library,2018-01-29T00:00:00Z,7222
MOFF Library,2018-01-30T00:00:00Z,7146
MOFF Library,2018-01-31T00:00:00Z,7435
MOFF Library,2018-02-01T00:00:00Z,6818
MOFF Library,2018-02-02T00:00:00Z,4345
MOFF Library,2018-02-03T00:00:00Z,3044
MOFF Library,2018-02-04T00:00:00Z,3904
MOFF Library,2018-02-05T00:00:00Z,7611
MOFF Library,2018-02-06T00:00:00Z,7636
MOFF Library,2018-02-07T00:00:00Z,7877
MOFF Library,2018-02-08T00:00:00Z,7313
MOFF Library,2018-02-09T00:00:00Z,4696
MOFF Library,2018-02-10T00:00:00Z,3887
MOFF Library,2018-02-11T00:00:00Z,5322
MOFF Library,2018-02-12T00:00:00Z,8443
MOFF Library,2018-02-13T00:00:00Z,8254
MOFF Library,2018-02-14T00:00:00Z,7787
MOFF Library,2018-02-15T00:00:00Z,7490
MOFF Library,2018-02-16T00:00:00Z,4225
MOFF Library,2018-02-17T00:00:00Z,2823
MOFF Library,2018-02-18T00:00:00Z,3450
MOFF Library,2018-02-19T00:00:00Z,18
MOFF Library,2018-02-20T00:00:00Z,8254
MOFF Library,2018-02-21T00:00:00Z,8173
MOFF Library,2018-02-22T00:00:00Z,7447
MOFF Library,2018-02-23T00:00:00Z,4882
MOFF Library,2018-02-24T00:00:00Z,3204
MOFF Library,2018-02-25T00:00:00Z,5080
MOFF Library,2018-02-26T00:00:00Z,7541
MOFF Library,2018-02-27T00:00:00Z,7903
MOFF Library,2018-02-28T00:00:00Z,8160
MOFF Library,2018-03-01T00:00:00Z,6736
MOFF Library,2018-03-02T00:00:00Z,4188
MOFF Library,2018-03-03T00:00:00Z,3111
MOFF Library,2018-03-04T00:00:00Z,4543
MOFF Library,2018-03-05T00:00:00Z,7688
MOFF Library,2018-03-06T00:00:00Z,7922
MOFF Library,2018-03-07T00:00:00Z,7939
MOFF Library,2018-03-08T00:00:00Z,6926
MOFF Library,2018-03-09T00:00:00Z,4471
MOFF Library,2018-03-10T00:00:00Z,2670
MOFF Library,2018-03-11T00:00:00Z,4549
MOFF Library,2018-03-12T00:00:00Z,7172
MOFF Library,2018-03-13T00:00:00Z,7785
MOFF Library,2018-03-14T00:00:00Z,8140
MOFF Library,2018-03-15T00:00:00Z,7291
MOFF Library,2018-03-16T00:00:00Z,4845
MOFF Library,2018-03-17T00:00:00Z,4099
MOFF Library,2018-03-18T00:00:00Z,5345
MOFF Library,2018-03-19T00:00:00Z,8432
MOFF Library,2018-03-20T00:00:00Z,8459
MOFF Library,2018-03-21T00:00:00Z,7907
MOFF Library,2018-03-22T00:00:00Z,6490
MOFF Library,2018-03-23T00:00:00Z,2896
MOFF Library,2018-03-24T00:00:00Z,44
MOFF Library,2018-03-25T00:00:00Z,39
MOFF Library,2018-03-26T00:00:00Z,563
MOFF Library,2018-03-27T00:00:00Z,648
MOFF Library,2018-03-28T00:00:00Z,595
MOFF Library,2018-03-29T00:00:00Z,595
MOFF Library,2018-03-30T00:00:00Z,24
MOFF Library,2018-03-31T00:00:00Z,23
MOFF Library,2018-04-01T00:00:00Z,20
MOFF Library,2018-04-02T00:00:00Z,6849
MOFF Library,2018-04-03T00:00:00Z,7461
MOFF Library,2018-04-04T00:00:00Z,7870
MOFF Library,2018-04-05T00:00:00Z,7064
MOFF Library,2018-04-06T00:00:00Z,4082
MOFF Library,2018-04-07T00:00:00Z,3334
MOFF Library,2018-04-08T00:00:00Z,5017
MOFF Library,2018-04-09T00:00:00Z,7598
MOFF Library,2018-04-10T00:00:00Z,7342
MOFF Library,2018-04-11T00:00:00Z,7101
MOFF Library,2018-04-12T00:00:00Z,6631
MOFF Library,2018-04-13T00:00:00Z,4407
MOFF Library,2018-04-14T00:00:00Z,2819
MOFF Library,2018-04-15T00:00:00Z,4074
MOFF Library,2018-04-16T00:00:00Z,7384
MOFF Library,2018-04-17T00:00:00Z,7492
MOFF Library,2018-04-18T00:00:00Z,7959
MOFF Library,2018-04-19T00:00:00Z,7054
MOFF Library,2018-04-20T00:00:00Z,5210
MOFF Library,2018-04-21T00:00:00Z,5006
MOFF Library,2018-04-22T00:00:00Z,4825
MOFF Library,2018-04-23T00:00:00Z,8254
MOFF Library,2018-04-24T00:00:00Z,8487
MOFF Library,2018-04-25T00:00:00Z,8310
MOFF Library,2018-04-26T00:00:00Z,7306
MOFF Library,2018-04-27T00:00:00Z,4832
MOFF Library,2018-04-28T00:00:00Z,2789
MOFF Library,2018-04-29T00:00:00Z,3852
MOFF Library,2018-04-30T00:00:00Z,6322
MOFF Library,2018-05-01T00:00:00Z,6932
MOFF Library,2018-05-02T00:00:00Z,7739
MOFF Library,2018-05-03T00:00:00Z,8583
MOFF Library,2018-05-04T00:00:00Z,7867
MOFF Library,2018-05-05T00:00:00Z,7725
MOFF Library,2018-05-06T00:00:00Z,7977
MOFF Library,2018-05-07T00:00:00Z,8459
MOFF Library,2018-05-08T00:00:00Z,8115
MOFF Library,2018-05-09T00:00:00Z,7306
MOFF Library,2018-05-10T00:00:00Z,6061
MOFF Library,2018-05-11T00:00:00Z,3628
MOFF Library,2018-05-12T00:00:00Z,32
MOFF Library,2018-05-13T00:00:00Z,31
MOFF Library,2018-05-14T00:00:00Z,648
MOFF Library,2018-05-15T00:00:00Z,535
MOFF Library,2018-05-16T00:00:00Z,510
MOFF Library,2018-05-17T00:00:00Z,494
MOFF Library,2018-05-18T00:00:00Z,646
MOFF Library,2018-05-19T00:00:00Z,221
MOFF Library,2018-05-20T00:00:00Z,27
MOFF Library,2018-05-21T00:00:00Z,818
MOFF Library,2018-05-22T00:00:00Z,788
MOFF Library,2018-05-23T00:00:00Z,775
MOFF Library,2018-05-24T00:00:00Z,744
MOFF Library,2018-05-25T00:00:00Z,556
MOFF Library,2018-05-26T00:00:00Z,28
MOFF Library,2018-05-27T00:00:00Z,20
MOFF Library,2018-05-28T00:00:00Z,20
MOFF Library,2018-05-29T00:00:00Z,813
MOFF Library,2018-05-30T00:00:00Z,836
MOFF Library,2018-05-31T00:00:00Z,813
MOFF Library,2018-06-01T00:00:00Z,660
MOFF Library,2018-06-02T00:00:00Z,24
MOFF Library,2018-06-03T00:00:00Z,27
MOFF Library,2018-06-04T00:00:00Z,913
MOFF Library,2018-06-05T00:00:00Z,889
MOFF Library,2018-06-06T00:00:00Z,924
MOFF Library,2018-06-07T00:00:00Z,916
MOFF Library,2018-06-08T00:00:00Z,635
MOFF Library,2018-06-09T00:00:00Z,20
MOFF Library,2018-06-10T00:00:00Z,27
MOFF Library,2018-06-11T00:00:00Z,837
MOFF Library,2018-06-12T00:00:00Z,853
MOFF Library,2018-06-13T00:00:00Z,839
MOFF Library,2018-06-14T00:00:00Z,845
MOFF Library,2018-06-15T00:00:00Z,588
MOFF Library,2018-06-16T00:00:00Z,13
MOFF Library,2018-06-17T00:00:00Z,16
MOFF Library,2018-06-18T00:00:00Z,1516
MOFF Library,2018-06-19T00:00:00Z,1715
MOFF Library,2018-06-20T00:00:00Z,1776
MOFF Library,2018-06-21T00:00:00Z,1533
MOFF Library,2018-06-22T00:00:00Z,1045
MOFF Library,2018-06-23T00:00:00Z,18
MOFF Library,2018-06-24T00:00:00Z,17
MOFF Library,2018-06-25T00:00:00Z,1624
MOFF Library,2018-06-26T00:00:00Z,1595
MOFF Library,2018-06-27T00:00:00Z,1771
MOFF Library,2018-06-28T00:00:00Z,1626
MOFF Library,2018-06-29T00:00:00Z,985
MOFF Library,2018-06-30T00:00:00Z,24
MOFF Library,2018-07-01T00:00:00Z,26
